id,y_pred
0,3.3899066267490183
1,3.2268461011342437
2,3.3826724375819825
3,3.4636869215541797
4,4.112511092950032
5,2.7436605446950817
6,3.672514540784024
7,3.9609469533390715
8,3.706855668951838
9,3.9292276747062287
10,3.941222745030656
11,3.3826724375819825
12,3.7310960423462745
13,3.751766365736813
14,3.6903346083929716
15,3.40170029294403
16,4.288193271652564
17,3.463730825977673
18,3.3826724375819825
19,3.4069393245058315
20,3.7127731375083135
21,3.3826724375819825
22,3.8611753829240847
23,3.4625562570589237
24,3.453948089169503
25,3.3826724375819825
26,4.030974044229813
27,3.4994829089421398
28,2.7205911009706356
29,3.3826724375819825
30,3.4684712642480395
31,3.3985432884576086
32,3.3826724375819825
33,3.3977266456492083
34,3.7332031682926634
35,3.596938283254553
36,3.471435395732801
37,3.666820207041531
38,3.6446402208501407
39,3.7311799052082897
40,3.384101167892981
41,3.7311799052082897
42,3.461428251450931
43,3.5765342890296132
44,3.7116594350271863
45,2.753206490159773
46,4.0745257933279255
47,3.483400929016229
48,3.3946342069044615
49,3.7031562320202602
50,3.098238070969133
51,3.40170029294403
52,3.957164857495309
53,3.457770828681202
54,3.7801586515616528
55,3.850603156645397
56,4.078626149261982
57,3.7322664324974477
58,3.696220151584864
59,3.631338844520566
60,3.4584933484191756
61,3.3899066267490183
62,3.426620095691679
63,3.388637256836447
64,3.9016236469236243
65,3.4796945853062464
66,3.7376646923655796
67,3.405546335383339
68,3.385813507420832
69,3.649011956013684
70,3.1749261861905325
71,3.5987459504426456
72,4.1085053700163146
73,3.559810388686935
74,3.847841117864446
75,3.7311799052082897
76,3.3826724375819825
77,3.67425372691377
78,3.732182569635432
79,3.7274542788628167
80,3.9453220194150247
81,3.7322664324974477
82,3.3826724375819825
83,3.7332031682926634
84,3.7301593065510588
85,3.384101167892981
86,3.7119779594027595
87,3.5623717142830404
88,3.8080115653456783
89,3.4531223346414173
90,3.6668576508973523
91,3.426620095691679
92,3.3781782070599644
93,3.38376802729394
94,3.9708993612376178
95,3.732116641003506
96,2.143425764871486
97,3.9329316321417314
98,3.9515956071101623
99,3.4584933484191756
100,3.40170029294403
101,3.7464109623318937
102,3.384101167892981
103,3.3826724375819825
104,3.384101167892981
105,3.735557286231178
106,3.3899066267490183
107,3.384101167892981
108,3.3863203118710477
109,2.3038648544015925
110,3.4684712642480395
111,3.4359505147701714
112,3.4618639480093885
113,3.7311799052082897
114,3.3826724375819825
115,3.40170029294403
116,3.6742487228288367
117,3.9073212179156247
118,3.25864403574908
119,3.9483349389028195
120,3.40170029294403
121,3.40170029294403
122,3.483479475095838
123,3.3899066267490183
124,3.7468381543957183
125,3.460594578096817
126,3.3899066267490183
127,3.6491889226995955
128,4.043763862502392
129,3.7116594350271863
130,3.8116284538977796
131,3.9376928840143455
132,3.3826724375819825
133,3.619625442384305
134,3.3860403115814184
135,3.886228910081519
136,3.005345406548783
137,3.753899236577953
138,3.6339091802581858
139,3.638242767405621
140,3.6714933508816205
141,3.6742487228288367
142,3.4042146422546056
143,3.4531223346414173
144,3.3826724375819825
145,3.7335096622807584
146,3.3899066267490183
147,3.3899066267490183
148,3.6996211637915737
149,3.7301593065510588
150,3.9387745325225647
151,2.7029618052860713
152,3.7293465745091283
153,3.645540908196242
154,3.9500459971944166
155,3.6488215969349995
156,3.7073698513399
157,3.7099069800566578
158,3.2836614684615593
159,2.2205366210873088
160,2.9854065688826568
161,3.8888105996966544
162,3.7185514772928543
163,3.3899066267490183
164,3.663911347172439
165,3.456918697703509
166,3.8685633902451353
167,3.506191636572047
168,3.9462335912106954
169,3.8081869677560674
170,3.4090068692429343
171,3.3848915815600487
172,2.5593745613203507
173,3.964306149550636
174,3.7293465745091283
175,3.937118558184153
176,3.6536455559245065
177,3.630923478800566
178,3.934989032208473
179,3.40170029294403
180,3.842221299008921
181,3.469395333401917
182,3.7350814831625083
183,3.4531223346414173
184,3.403390501298662
185,3.384101167892981
186,3.3826724375819825
187,3.4025244338999725
188,2.6509324391411453
189,3.3826724375819825
190,3.8080115653456783
191,3.7101539281239333
192,3.7301593065510588
193,3.3826724375819825
194,3.4986315390204674
195,3.3932502018957664
196,3.3826724375819825
197,3.4515722256257804
198,3.389890765642013
199,3.4531223346414173
200,3.6354420239901697
201,3.3826724375819825
202,3.3826724375819825
203,3.3826724375819825
204,3.323657423619137
205,4.169396772499166
206,3.388637256836447
207,3.750745999164654
208,3.717896509778943
209,3.457770828681202
210,3.4531223346414173
211,3.6877623379437092
212,3.1166488527956555
213,3.3826724375819825
214,3.384101167892981
215,3.732116641003506
216,3.3899066267490183
217,3.408117013434001
218,3.7618620889222956
219,2.9711079355943726
220,3.7311799052082897
221,3.384101167892981
222,3.7734504294155045
223,3.7370381757797837
224,3.725619459902754
225,3.749005653089769
226,3.460594578096817
227,3.4531223346414173
228,3.5748107423973217
229,3.415419361572126
230,3.732182569635432
231,3.4112746927961375
232,3.79891757945005
233,3.757571622661165
234,3.384101167892981
235,3.4600434574348125
236,3.7556920569361143
237,3.3826724375819825
238,3.4531223346414173
239,3.4549892126097017
240,3.7803327796138486
241,3.461710191903924
242,4.515343114386936
243,3.7037751533265504
244,3.403390501298662
245,3.493930565229224
246,3.668907150292996
247,3.3826724375819825
248,3.7464109623318937
249,3.3899066267490183
250,3.3956786298448924
251,3.786786389861748
252,3.7285501762677753
253,3.940237293385636
254,3.3848915815600487
255,3.7200583031083623
256,4.017716064093046
257,3.0499344450186134
258,3.3826724375819825
259,3.4499975749101144
260,3.4802977183209176
261,3.6819966243264926
262,3.388637256836447
263,3.121350275442164
264,3.7665521081439186
265,4.267676021459611
266,3.834136144423387
267,3.3141817132892357
268,3.40170029294403
269,3.4515722256257804
270,3.7301593065510588
271,3.9284831648801783
272,3.717896509778943
273,3.990599672578274
274,4.114876975215368
275,3.773072445775696
276,3.9506647371898684
277,3.563939189257559
278,3.4618639480093885
279,3.4025244338999725
280,3.654767142067805
281,3.299932300350816
282,3.3826724375819825
283,3.3899066267490183
284,3.3863203118710477
285,3.4584933484191756
286,3.4025244338999725
287,3.29437048698975
288,3.4484851849565463
289,3.384101167892981
290,3.6809881882314808
291,3.40170029294403
292,3.3826724375819825
293,3.7163976950500786
294,3.3729370430559906
295,3.473403500515111
296,3.7614810188206707
297,3.384101167892981
298,3.563481292689895
299,3.4625562570589237
300,3.7397476331362474
301,3.7162302422399303
302,3.40170029294403
303,3.6280396417053082
304,3.7370381757797837
305,3.4832942531679953
306,3.490250084003066
307,3.707680354038956
308,3.7116594350271863
309,3.3826724375819825
310,3.3514707050724337
311,3.719271988721411
312,3.4600434574348125
313,3.67425372691377
314,3.4336350883344187
315,3.2432718139690864
316,3.5968863058893565
317,3.7335096622807584
318,3.3980560800307353
319,3.4667307729415597
320,2.7003123625967373
321,3.8003884253284133
322,3.3826724375819825
323,3.399383181397765
324,3.4515722256257804
325,3.737268078701582
326,3.3826724375819825
327,3.3980560800307353
328,3.40170029294403
329,4.232735297228895
330,3.762454025770994
331,3.3899066267490183
332,3.79238597796799
333,3.5550101331677264
334,3.7281506924554226
335,3.4454502997499974
336,3.3826724375819825
337,3.4025244338999725
338,2.757706439404568
339,3.7799891727451405
340,3.5667830144517993
341,3.413523522304272
342,4.293183517838462
343,4.017789209840215
344,3.3899066267490183
345,3.469922831980544
346,3.4684712642480395
347,4.049564020851631
348,3.6710079361541843
349,3.4515722256257804
350,3.7218494628463077
351,3.4025244338999725
352,3.7397476331362474
353,3.4515722256257804
354,3.389890765642013
355,3.4965635562577217
356,3.3826724375819825
357,3.478778390028137
358,3.6987567278298714
359,3.7130584075662205
360,3.384101167892981
361,3.7003747707626986
362,2.8324248561835987
363,3.3826724375819825
364,3.384101167892981
365,2.777500773433608
366,4.216889495279303
367,3.388637256836447
368,3.6011318760305158
369,3.384101167892981
370,3.645705489738913
371,3.434521784459173
372,3.6750957424167576
373,3.4513653069391133
374,2.740650396300943
375,3.922529777642157
376,3.3353763755329795
377,3.659965379910186
378,3.388637256836447
379,3.3899066267490183
380,3.4531223346414173
381,3.1910208751894436
382,3.7354871610491553
383,3.399186287379673
384,3.384101167892981
385,3.467044655576688
386,3.384101167892981
387,3.5667830144517993
388,3.6186534242737505
389,3.4649379018681596
390,3.5971334015094567
391,3.384101167892981
392,3.686429846749416
393,3.5855611498531146
394,4.233592579198049
395,3.40170029294403
396,3.7190572846095704
397,3.384101167892981
398,3.8174452519579876
399,3.3899066267490183
400,3.690879905870121
401,3.7942183583428943
402,4.160141602678611
403,3.3826724375819825
404,3.4425636477673716
405,3.635147177140394
406,3.5858376257921316
407,3.7284579666671913
408,3.781858559404049
409,3.5656735997512343
410,3.2172649266667257
411,3.6720698672046677
412,4.131471606520458
413,3.454141657336148
414,3.639119093764517
415,3.8560398212914024
416,3.384101167892981
417,3.4069393245058315
418,3.3980560800307353
419,3.4359984942828006
420,3.6270191872266726
421,3.463730825977673
422,3.4837139664882333
423,3.7311799052082897
424,3.4786358646977336
425,3.3826724375819825
426,3.389890765642013
427,3.785601800669288
428,3.8539274079693064
429,3.604001221849121
430,3.4857732920265545
431,3.6573483538124547
432,3.3826724375819825
433,3.6657996083843
434,3.3980560800307353
435,4.261022619319073
436,3.7078028465263086
437,3.705614162047402
438,3.5332618198162056
439,3.3200190591155296
440,3.4515722256257804
441,3.7332031682926634
442,3.454015755520611
443,3.7213326004631515
444,3.945084716287805
445,2.7420806590223545
446,3.468831995420938
447,3.164907860862119
448,3.4465059638762146
449,3.436923731641557
450,3.872853710706573
451,3.726860641860755
452,3.7311799052082897
453,4.212946626468911
454,3.818960807963712
455,2.747333264107101
456,3.639188875970959
457,3.9805295807598124
458,3.3980560800307353
459,3.6706520153258775
460,3.7801586515616528
461,3.933233020735324
462,1.6790946010581171
463,3.9352264472055962
464,3.7311799052082897
465,3.3826724375819825
466,3.648907757354241
467,3.7465250560377394
468,3.458771311116864
469,3.456691945739909
470,3.943900522808434
471,3.7067653352200822
472,3.4832942531679953
473,3.40170029294403
474,3.4488677645172277
475,4.255825623545847
476,3.384101167892981
477,3.7608583261080004
478,3.39934175863692
479,3.497460058275374
480,3.4600434574348125
481,3.403390501298662
482,3.4515722256257804
483,3.3899066267490183
484,3.4025244338999725
485,3.40170029294403
486,3.386816520008017
487,3.5667830144517993
488,3.7483129407898623
489,3.6118956674369618
490,3.422526769832946
491,3.0100437100135564
492,3.7547800553267168
493,3.706165988796374
494,3.728325975851897
495,3.6235060685994402
496,3.4515722256257804
497,4.091824189164488
498,3.7839771529734616
499,3.3912749944736986
500,3.4025244338999725
501,3.3826724375819825
502,3.9292276747062287
503,3.3882452503190152
504,2.9437278860453633
505,3.397767107921254
506,3.7325399831628996
507,3.3980560800307353
508,3.468883276155262
509,3.4600434574348125
510,3.943440857012922
511,3.7213326004631515
512,3.1913168441060105
513,3.750291966613561
514,3.3860403115814184
515,3.403390501298662
516,3.408117013434001
517,3.434521784459173
518,3.7285501762677753
519,4.2763839992526345
520,3.4515722256257804
521,3.8196584814742924
522,2.518410706804998
523,3.3899066267490183
524,3.459466565290561
525,3.712596170822402
526,3.3826724375819825
527,3.384101167892981
528,3.6816273890240687
529,3.3826724375819825
530,3.2800367338445455
531,3.3826724375819825
532,2.9949311861552546
533,2.76609859165239
534,3.569780363868808
535,3.3826724375819825
536,3.408117013434001
537,3.4499975749101144
538,3.384101167892981
539,3.4571805634760455
540,3.384101167892981
541,3.0648249970998114
542,3.6168962569052634
543,4.175228937543494
544,3.669333324640395
545,3.7317580267846906
546,4.231549085447066
547,3.592373301354956
548,3.4531223346414173
549,3.627927991807388
550,3.2196081541728923
551,3.7352978297048987
552,3.6742487228288367
553,3.3826724375819825
554,3.307332968991202
555,3.7201699701736732
556,1.9313837876454105
557,3.450525902176982
558,3.384101167892981
559,3.3899066267490183
560,3.072446955529273
561,3.4609042197988176
562,3.40170029294403
563,3.453948089169503
564,3.4618639480093885
565,2.345051351272493
566,3.70385853730122
567,3.721401965441046
568,3.40170029294403
569,3.6439300845665072
570,3.7623890761833843
571,3.52264873887299
572,3.3826724375819825
573,3.4673432586400463
574,3.650077276546375
575,3.970207178596792
576,3.4580786539723096
577,2.8750590226085455
578,3.3899066267490183
579,3.732116641003506
580,3.4348524110636482
581,3.730651700335585
582,3.3977266456492083
583,3.4625850958266016
584,3.40170029294403
585,3.3929959417244246
586,3.740191181801025
587,4.004267861876279
588,3.40170029294403
589,3.726860641860755
590,3.4625562570589237
591,3.749005653089769
592,3.429856362675057
593,3.4025244338999725
594,3.9073212179156247
595,3.6985946793684996
596,3.3899066267490183
597,3.6947866908121214
598,3.6770211809586146
599,3.7311799052082897
600,3.0044658488503297
601,4.009320904712484
602,3.5799414988568445
603,4.273795205267373
604,3.4645727554460892
605,3.4515722256257804
606,3.7517481402939508
607,3.7548841477766866
608,3.756732146879205
609,3.4488677645172277
610,3.7287753387334117
611,3.801260312041714
612,3.3860403115814184
613,3.8605373054545566
614,3.561109226061654
615,3.464460785575201
616,3.688214664710417
617,4.2739954718772175
618,3.7322664324974477
619,3.9057450709049113
620,3.384101167892981
621,3.408536082781724
622,3.4531223346414173
623,3.3826724375819825
624,3.446914570063186
625,3.2448244265796418
626,4.139022653413239
627,3.732182569635432
628,3.657485017281738
629,3.770272444556545
630,3.569189568776804
631,3.3980560800307353
632,3.5673329744440894
633,3.6270335850123847
634,3.583758197987803
635,3.6977715191559084
636,3.4618639480093885
637,3.307711983832596
638,3.966795180273331
639,3.385813507420832
640,3.3848915815600487
641,3.514065683706983
642,3.385813507420832
643,3.7028700440299565
644,3.4618639480093885
645,3.6962597614111847
646,3.384101167892981
647,3.3863203118710477
648,3.3826724375819825
649,3.4042146422546056
650,3.3826724375819825
651,3.4386658668852075
652,3.3826724375819825
653,3.9190171027996223
654,3.8869731911133427
655,3.40170029294403
656,3.0444705757165598
657,3.3393504969037298
658,3.4549892126097017
659,3.6354420239901697
660,3.40170029294403
661,3.3860403115814184
662,3.7402432972741093
663,3.388637256836447
664,3.3826724375819825
665,3.3977266456492083
666,3.3826724375819825
667,2.9917080806343113
668,4.6032568591129035
669,3.6579625226279906
670,3.724254122281465
671,3.678345497098631
672,3.9596523843169766
673,3.954701044924637
674,3.3932502018957664
675,3.7316032473676835
676,3.556532740574697
677,3.7009877907621074
678,4.2224264783299565
679,3.389890765642013
680,3.7782013171092057
681,3.4515722256257804
682,3.7213326004631515
683,4.014096598315607
684,3.731245833840216
685,3.3899066267490183
686,3.3655697281742105
687,3.9352264472055962
688,2.740650396300943
689,3.40170029294403
690,3.613633677174215
691,3.7301020301204852
692,3.384101167892981
693,3.6696761936946736
694,3.469395333401917
695,3.3826724375819825
696,3.408117013434001
697,3.4542387782949855
698,3.384101167892981
699,3.3826724375819825
700,3.7332031682926634
701,3.4359984942828006
702,3.4625562570589237
703,3.7301593065510588
704,3.385813507420832
705,3.577007590273749
706,3.664906453535425
707,3.3826724375819825
708,3.929521186427536
709,3.426620095691679
710,3.412561320587603
711,3.384101167892981
712,3.787737394790944
713,3.7393845516295197
714,4.222494959655055
715,3.4025244338999725
716,3.3833682804955187
717,3.670353923297626
718,3.3826724375819825
719,3.732116641003506
720,3.4618639480093885
721,3.4025244338999725
722,3.6750957424167576
723,3.7441863569432074
724,4.146453020819146
725,3.749005653089769
726,3.448080614591881
727,3.843432749130196
728,3.3899066267490183
729,3.384101167892981
730,3.450032431285345
731,3.3826724375819825
732,3.3899066267490183
733,3.399186287379673
734,4.218614161935743
735,3.7942183583428943
736,3.648242612385277
737,3.7311799052082897
738,3.3966273497197363
739,3.7140113555860577
740,3.40170029294403
741,3.827968915174244
742,4.556308101662818
743,3.7335096622807584
744,3.384101167892981
745,3.3899066267490183
746,3.81010182404489
747,3.5331943170233155
748,3.3899066267490183
749,2.94189893020289
750,3.384101167892981
751,3.3899066267490183
752,3.7701723205177546
753,3.9157192079390586
754,3.468831995420938
755,3.3826724375819825
756,3.959753300814953
757,3.7301593065510588
758,3.384101167892981
759,3.320319472946482
760,3.4458279598756887
761,3.384101167892981
762,3.767560686683097
763,3.3826724375819825
764,3.7368144234071963
765,3.40170029294403
766,3.756288080659226
767,3.4894428284538885
768,3.3899066267490183
769,3.7539552349673824
770,3.7285501762677753
771,3.729171291112654
772,3.384101167892981
773,3.3899066267490183
774,3.95787213841285
775,3.40170029294403
776,3.4531223346414173
777,3.7325399831628996
778,3.40170029294403
779,3.6270191872266726
780,3.384101167892981
781,3.6972780365192714
782,3.7031924365900943
783,3.55667137069604
784,3.3826724375819825
785,4.130328221011203
786,3.544367311904387
787,3.9593378406095017
788,3.3899066267490183
789,3.456723623103378
790,3.1406879381531696
791,3.4025244338999725
792,3.4531223346414173
793,3.8021714584192874
794,3.4625562570589237
795,3.4929916516610575
796,3.7073698513399
797,3.385813507420832
798,3.2709926339597564
799,4.2351307776500295
800,3.4611143462730376
801,3.720192068101899
802,3.430494094024372
803,3.222429029848972
804,3.7127326932405054
805,4.008362224368764
806,3.3899066267490183
807,3.4061983128084052
808,3.9447414732430373
809,3.3826724375819825
810,4.093391885017514
811,3.45844949294135
812,3.4025244338999725
813,3.4063704763392826
814,3.726860641860755
815,3.3899066267490183
816,3.480961006483318
817,3.6198584823426216
818,3.5825642412305645
819,3.6202024991553663
820,3.3882452503190152
821,3.4531223346414173
822,3.403390501298662
823,3.3899066267490183
824,3.732182569635432
825,3.7674737113117334
826,3.1913168441060105
827,3.8238185158327194
828,3.7874803920723985
829,4.222254682309348
830,3.671637515603268
831,2.46712473870921
832,2.887078754326688
833,3.4134228845604615
834,3.384101167892981
835,3.9793933443246217
836,3.711744108960592
837,3.9696837315562146
838,3.3980560800307353
839,4.270507100508257
840,3.906951290176176
841,4.294559487375482
842,3.7301593065510588
843,3.6742487228288367
844,3.747834044075646
845,3.613633677174215
846,3.3899066267490183
847,3.627770454144898
848,3.723560255316713
849,3.4025244338999725
850,3.4515722256257804
851,3.9690583934624915
852,3.616954743669286
853,3.3826724375819825
854,3.4531223346414173
855,4.0422549613498795
856,3.9793933443246217
857,3.712596170822402
858,3.410419305140185
859,3.959796428090991
860,3.6742487228288367
861,3.3899066267490183
862,3.2784535273387156
863,3.425412659079991
864,3.67806058457576
865,3.656440791068667
866,3.3899066267490183
867,2.5908405329235076
868,4.224435086912728
869,3.631338844520566
870,3.694578046292621
871,3.600723407973687
872,3.4769117090660564
873,3.40170029294403
874,3.3899066267490183
875,3.732116641003506
876,3.72425699591882
877,3.4618639480093885
878,3.7379082586646524
879,3.6270424898503366
880,3.3899066267490183
881,3.6200063299784633
882,3.5610539932913996
883,3.934989032208473
884,3.450032431285345
885,3.7522827412293385
886,3.468032486737353
887,3.7322664324974477
888,3.741111466202946
889,3.6993645562710684
890,3.3863203118710477
891,3.6691817967974054
892,3.5639351712545277
893,3.3899066267490183
894,3.9455564971468458
895,3.821675778020266
896,3.732116641003506
897,3.143500364845149
898,3.3826724375819825
899,4.006085147359967
900,3.6270191872266726
901,4.16609376123532
902,3.673233128256539
903,3.3899066267490183
904,3.45844949294135
905,3.5033743328416973
906,3.4600434574348125
907,3.7473580339646775
908,3.4584933484191756
909,3.463611847163879
910,3.445203831703742
911,3.569189568776804
912,3.479745429960827
913,3.732116641003506
914,4.165885451357962
915,2.901046530998
916,3.9242731140894205
917,3.7397476331362474
918,3.749005653089769
919,3.3826724375819825
920,3.6796789321667696
921,3.388637256836447
922,3.3848915815600487
923,3.3899066267490183
924,3.535852506632009
925,3.7106961079401453
926,3.3605795356860706
927,3.739654060500972
928,3.7185514772928543
929,3.425525371484734
930,2.986207783469961
931,3.4604550345795455
932,3.4531223346414173
933,3.922529777642157
934,3.4549892126097017
935,3.6260824514314565
936,3.7335096622807584
937,3.384101167892981
938,3.119172139401948
939,3.6623016920391134
940,3.4611143462730376
941,3.3826724375819825
942,3.3899066267490183
943,3.3899066267490183
944,3.4531223346414173
945,3.3826724375819825
946,3.6732584231058047
947,3.657485017281738
948,3.4600434574348125
949,3.7398539820380567
950,4.187371520413932
951,3.569780363868808
952,3.9259279250141526
953,3.670353923297626
954,3.3980560800307353
955,3.4515722256257804
956,3.384101167892981
957,3.3094246269705496
958,3.6813289582989195
959,4.187371520413932
960,3.7311799052082897
961,3.6662678638185655
962,3.826226906265482
963,3.5748107423973217
964,3.384101167892981
965,3.450032431285345
966,3.750745999164654
967,3.3061077425867342
968,3.3899066267490183
969,3.3910855634093293
970,3.7301593065510588
971,3.409807221788634
972,3.4531223346414173
973,2.7905665257773995
974,3.399186287379673
975,3.974556889484244
976,3.4838836693018136
977,2.6523611694521434
978,2.775315723121448
979,3.483700236995554
980,3.1910208751894436
981,2.143425764871486
982,3.4595396955573716
983,3.4499975749101144
984,3.439428979592455
985,3.3826724375819825
986,3.5702668830271853
987,3.3826724375819825
988,3.388609416733558
989,3.4709844986346408
990,3.612161152899481
991,2.675337757235208
992,3.2028881094282484
993,2.973539952854063
994,2.6509324391411453
995,2.36015251255146
996,3.383930058416321
997,3.7332031682926634
998,2.36015251255146
999,2.36015251255146
1000,2.36015251255146
1001,3.3863203118710477
1002,3.750745999164654
1003,3.4499975749101144
1004,3.674796353113336
1005,3.8195678823472856
1006,3.577007590273749
1007,3.750745999164654
1008,3.7311799052082897
1009,3.7332031682926634
1010,3.7457516271065607
1011,3.8869731911133427
1012,3.574853996160688
1013,3.4499975749101144
1014,4.037899884426067
1015,3.3826724375819825
1016,2.818264184370554
1017,3.6427578428600675
1018,3.2200639293067526
1019,3.7311799052082897
1020,3.485737282153077
1021,3.7116594350271863
1022,3.3826724375819825
1023,3.483700236995554
1024,2.36015251255146
1025,3.4499975749101144
1026,3.384101167892981
1027,3.3980560800307353
1028,3.698546504383937
1029,2.635019684381046
1030,4.085614947158862
1031,2.36015251255146
1032,3.3826724375819825
1033,3.7636988920951215
1034,3.384101167892981
1035,3.403390501298662
1036,3.712596170822402
1037,3.3826724375819825
1038,3.0044658488503297
1039,2.36015251255146
1040,2.518410706804998
1041,2.6290316049044646
1042,3.384101167892981
1043,3.403390501298662
1044,3.4499975749101144
1045,2.749909893286236
1046,3.384101167892981
1047,3.721106402089646
1048,3.3826724375819825
1049,3.3826724375819825
1050,3.1910208751894436
1051,2.6509324391411453
1052,2.6804229772241914
1053,3.7132803425297225
1054,3.456918697703509
1055,3.732116641003506
1056,3.7218494628463077
1057,3.4600434574348125
1058,3.711836401713098
1059,3.7332031682926634
1060,3.4484851849565463
1061,2.9680113060049713
1062,3.7636988920951215
1063,2.9936851225709735
1064,3.3826724375819825
1065,3.3899066267490183
1066,3.7190572846095704
1067,3.4465059638762146
1068,2.9979226332679763
1069,3.4531223346414173
1070,3.6300187847169036
1071,2.36015251255146
1072,3.145124357931542
1073,3.753899236577953
1074,2.7405190931493375
1075,2.6509324391411453
1076,2.700609816903162
1077,3.453948089169503
1078,3.2028881094282484
1079,3.4499975749101144
1080,3.4965091815525415
1081,3.726860641860755
1082,3.4499975749101144
1083,3.6877623379437092
1084,3.7116594350271863
1085,3.4531223346414173
1086,2.9936851225709735
1087,3.7140622496314113
1088,2.36015251255146
1089,3.7090147943341334
1090,3.384101167892981
1091,3.865399264100057
1092,3.3826724375819825
1093,3.4600434574348125
1094,3.7886092666332756
1095,2.6904637989616913
1096,3.3880737371168976
1097,3.6270191872266726
1098,2.6804229772241914
1099,3.4499975749101144
1100,3.750745999164654
1101,3.6390535454851194
1102,3.8405098742733834
1103,3.5197140319762124
1104,3.40170029294403
1105,3.737268078701582
1106,3.3826724375819825
1107,3.732116641003506
1108,3.6830267534203274
1109,3.7519522709759245
1110,3.5906699479578545
1111,3.335812931938147
1112,3.7263571644068065
1113,3.730957416130549
1114,3.7891215932724847
1115,3.750745999164654
1116,3.4499975749101144
1117,3.4604550345795455
1118,3.3826724375819825
1119,3.7097305859645395
1120,3.785601800669288
1121,3.4838836693018136
1122,2.143425764871486
1123,3.472720578645755
1124,2.36015251255146
1125,3.456918697703509
1126,3.6735351394412548
1127,3.7792219157664366
1128,2.6509324391411453
1129,3.483700236995554
1130,2.7914102526705165
1131,2.5980889940234864
1132,3.483700236995554
1133,3.3899066267490183
1134,3.384101167892981
1135,3.4871492642140494
1136,3.577007590273749
1137,3.3882452503190152
1138,2.6509324391411453
1139,3.6077465282560337
1140,3.4499975749101144
1141,3.732116641003506
1142,3.664906453535425
1143,3.7190572846095704
1144,3.732116641003506
1145,2.6523611694521434
1146,3.383930058416321
1147,3.7332031682926634
1148,3.4488677645172277
1149,3.3899066267490183
1150,3.384101167892981
1151,3.4499975749101144
1152,3.7116594350271863
1153,3.205339038580397
1154,3.730257818401812
1155,3.4484851849565463
1156,3.79238597796799
1157,2.7570875495488623
1158,3.5568803931175945
1159,3.569507638196072
1160,3.752351276999409
1161,3.735089147755926
1162,3.3980560800307353
1163,3.7322664324974477
1164,2.813013284468667
1165,3.3826724375819825
1166,3.754687410254453
1167,3.750745999164654
1168,2.6523611694521434
1169,2.36015251255146
1170,2.518410706804998
1171,2.143425764871486
1172,3.4531223346414173
1173,3.383930058416321
1174,2.675337757235208
1175,2.5980889940234864
1176,3.7073698513399
1177,2.992256392259975
1178,3.335812931938147
1179,3.732182569635432
1180,3.7835508569629024
1181,3.3899066267490183
1182,2.427246383908927
1183,2.675337757235208
1184,2.5980889940234864
1185,3.5793605461173224
1186,2.6523611694521434
1187,3.4499975749101144
1188,3.5006169733187993
1189,3.712808889381705
1190,3.7623366020110764
1191,3.9506100323248154
1192,3.7519522709759245
1193,4.060122346214249
1194,3.40170029294403
1195,3.7294125031410545
1196,3.7958973903052837
1197,3.785261553087115
1198,3.448080614591881
1199,3.3826724375819825
1200,3.8310253403280243
1201,3.725777379722412
1202,3.7190572846095704
1203,3.1910208751894436
1204,2.675337757235208
1205,3.483700236995554
1206,3.577007590273749
1207,3.4515722256257804
1208,3.7220513042335703
1209,3.4515722256257804
1210,3.7311799052082897
1211,3.4871393745847206
1212,3.732116641003506
1213,2.6804229772241914
1214,3.720849358844703
1215,3.3899066267490183
1216,3.754687410254453
1217,3.6702286731664837
1218,3.7031562320202602
1219,3.3826724375819825
1220,3.384101167892981
1221,3.7140622496314113
1222,2.5247395712512715
1223,3.732116641003506
1224,3.587066039731328
1225,3.659194792343882
1226,3.412561320587603
1227,2.6509324391411453
1228,3.3977266456492083
1229,3.7311799052082897
1230,3.3826724375819825
1231,3.6991953628234686
1232,3.3826724375819825
1233,3.561109226061654
1234,3.468950408815317
1235,2.6509324391411453
1236,3.7468381543957183
1237,2.36015251255146
1238,3.3980560800307353
1239,3.389890765642013
1240,3.560148710538718
1241,3.440633544993286
1242,3.468831995420938
1243,3.9151178890860705
1244,3.753899236577953
1245,3.434521784459173
1246,3.960296222708231
1247,3.7190572846095704
1248,3.739794148003241
1249,3.3863203118710477
1250,2.675337757235208
1251,3.384101167892981
1252,3.6241661680430957
1253,1.7665062028800969
1254,2.8614591364533415
1255,1.8216813189819325
1256,3.3882452503190152
1257,2.36015251255146
1258,3.574853996160688
1259,1.927093199414862
1260,3.3863203118710477
1261,3.7311799052082897
1262,3.7950401741420476
1263,1.927093199414862
1264,3.4499975749101144
1265,3.468883276155262
1266,1.9313837876454105
1267,1.6763935461998025
1268,3.1910208751894436
1269,3.7311799052082897
1270,3.4625562570589237
1271,3.4625562570589237
1272,3.9608954311016698
1273,3.3826724375819825
1274,3.6310506272393046
1275,3.4618639480093885
1276,3.4388847697124953
1277,3.5621774048928176
1278,3.3899066267490183
1279,3.9260493676946306
1280,3.7266679325990086
1281,3.5501187107515357
1282,3.7631692905151453
1283,2.6509324391411453
1284,1.927093199414862
1285,3.722209107748105
1286,3.3826724375819825
1287,3.722209107748105
1288,3.7246490214824046
1289,3.4531223346414173
1290,3.471840412419398
1291,3.483700236995554
1292,3.3826724375819825
1293,3.4673432586400463
1294,2.675337757235208
1295,3.686741739286478
1296,3.335203377533215
1297,2.36015251255146
1298,3.79073850404056
1299,1.927093199414862
1300,2.36015251255146
1301,2.798836410438172
1302,1.927093199414862
1303,3.4650357739178226
1304,3.9284831648801783
1305,1.927093199414862
1306,3.7304331017982855
1307,2.747333264107101
1308,2.6523611694521434
1309,3.4499975749101144
1310,2.9841504598758983
1311,3.732116641003506
1312,2.3920315528811202
1313,1.8050098914889652
1314,3.6474005968822896
1315,3.854213864979569
1316,1.5778288094400637
1317,1.927093199414862
1318,2.013755871081698
1319,3.750745999164654
1320,3.659194792343882
1321,1.8986950459894234
1322,3.7098261043280245
1323,3.4704209382014954
1324,3.478252690800717
1325,3.4515722256257804
1326,3.4531223346414173
1327,1.6763935461998025
1328,2.36015251255146
1329,3.7411083870693718
1330,3.714217078324938
1331,3.7285501762677753
1332,3.747807112725669
1333,3.145124357931542
1334,1.6763935461998025
1335,3.747807112725669
1336,1.5778288094400637
1337,3.7310960423462745
1338,3.4855671149638385
1339,3.384101167892981
1340,1.927093199414862
1341,3.7311799052082897
1342,3.3899066267490183
1343,3.658967675365835
1344,3.750745999164654
1345,3.7263571644068065
1346,3.7301593065510588
1347,3.750745999164654
1348,3.4663700417686614
1349,2.518410706804998
1350,3.3826724375819825
1351,3.7031562320202602
1352,2.6845979626162286
1353,3.1910208751894436
1354,2.36015251255146
1355,3.384101167892981
1356,2.36015251255146
1357,3.5178561286857586
1358,3.40170029294403
1359,1.601552469637641
1360,3.7332031682926634
1361,3.65932497448908
1362,2.675337757235208
1363,3.7311799052082897
1364,3.3826724375819825
1365,1.5778288094400637
1366,3.922529777642157
1367,3.559810388686935
1368,3.40170029294403
1369,3.7822540871231274
1370,3.577007590273749
1371,3.7266679325990086
1372,3.7801586515616528
1373,3.5912867740657983
1374,3.6714933508816205
1375,1.927093199414862
1376,2.6509324391411453
1377,3.948159531214026
1378,1.9976400422588667
1379,2.2935169600083762
1380,3.461428251450931
1381,3.8520857145721394
1382,3.697809628147668
1383,3.3826724375819825
1384,3.810593844722303
1385,3.722209107748105
1386,3.7801586515616528
1387,1.927093199414862
1388,3.7332031682926634
1389,2.36015251255146
1390,2.058080058510799
1391,3.732116641003506
1392,3.4618639480093885
1393,3.9570925603869886
1394,3.3826724375819825
1395,3.4473176555015903
1396,3.5673329744440894
1397,3.7067653352200822
1398,3.8350743904049027
1399,3.7185514772928543
1400,3.4484851849565463
1401,3.403390501298662
1402,3.412561320587603
1403,3.7228181146217487
1404,3.3826724375819825
1405,3.6988463141236685
1406,3.732116641003506
1407,2.36015251255146
1408,3.403390501298662
1409,3.3899066267490183
1410,4.040664157986716
1411,1.9313837876454105
1412,3.648242612385277
1413,2.36015251255146
1414,2.988664217243175
1415,2.013755871081698
1416,3.622987312671942
1417,3.731245833840216
1418,2.143425764871486
1419,2.5593745613203507
1420,1.7867947905494226
1421,3.4998543102984905
1422,1.5778288094400637
1423,3.3880737371168976
1424,3.434521784459173
1425,3.495236927119999
1426,2.2767956293137535
1427,1.8131191412992367
1428,3.569847591467353
1429,3.7116594350271863
1430,3.577007590273749
1431,3.458864254908882
1432,1.9313837876454105
1433,2.76025741704114
1434,3.943900522808434
1435,3.3826724375819825
1436,4.037899884426067
1437,3.461428251450931
1438,3.7097481323608155
1439,2.3920315528811202
1440,3.7949931050171144
1441,3.574853996160688
1442,3.686741739286478
1443,3.7949931050171144
1444,3.739020764889691
1445,1.8050098914889652
1446,2.643940890715308
1447,4.187371520413932
1448,1.7867947905494226
1449,3.4549892126097017
1450,3.3826724375819825
1451,3.9696084552058437
1452,3.384101167892981
1453,3.3899066267490183
1454,3.3826724375819825
1455,3.3826724375819825
1456,3.7127731375083135
1457,3.735557286231178
1458,3.750118940276763
1459,3.6735351394412548
1460,3.7097305859645395
1461,3.3899066267490183
1462,3.79238597796799
1463,3.659194792343882
1464,3.7039732834089407
1465,2.9936851225709735
1466,3.3826724375819825
1467,3.6584348811016127
1468,4.08014320015833
1469,3.483700236995554
1470,4.098633517419925
1471,3.403390501298662
1472,3.770456132831474
1473,3.6664569395379356
1474,3.7301593065510588
1475,3.3507153617221657
1476,1.927093199414862
1477,3.7426056952371742
1478,4.0977309828551345
1479,3.732116641003506
1480,3.3860403115814184
1481,1.5778288094400637
1482,1.927093199414862
1483,1.9313837876454105
1484,2.76025741704114
1485,3.4600434574348125
1486,3.506215031478837
1487,2.5980889940234864
1488,3.749207975623258
1489,1.927093199414862
1490,3.612161152899481
1491,1.927093199414862
1492,3.4531223346414173
1493,3.709657066243171
1494,3.3826724375819825
1495,3.6714933508816205
1496,3.3826724375819825
1497,3.692942595774067
1498,2.143425764871486
1499,3.442885394642439
1500,3.6241661680430957
1501,3.4515722256257804
1502,3.4531223346414173
1503,3.932252962555389
1504,3.3826724375819825
1505,3.403390501298662
1506,1.9313837876454105
1507,1.9313837876454105
1508,3.403390501298662
1509,3.732116641003506
1510,3.5568803931175945
1511,3.4549892126097017
1512,3.669584502582785
1513,3.3980560800307353
1514,3.8080115653456783
1515,3.3826724375819825
1516,3.682989293964773
1517,3.3826724375819825
1518,3.3980560800307353
1519,3.384101167892981
1520,3.7311799052082897
1521,3.3863203118710477
1522,1.927093199414862
1523,3.5460589797087345
1524,3.3303002518818605
1525,3.5720970569766823
1526,3.7332031682926634
1527,3.735557286231178
1528,1.9313837876454105
1529,3.384101167892981
1530,3.8321853516248274
1531,3.741111466202946
1532,3.3005350840240153
1533,3.7311799052082897
1534,2.5052985395113025
1535,3.4515722256257804
1536,2.6509324391411453
1537,3.3826724375819825
1538,3.7941951772183637
1539,2.36015251255146
1540,3.7886092666332756
1541,3.516033462534405
1542,3.664906453535425
1543,3.577007590273749
1544,1.927093199414862
1545,3.3826724375819825
1546,3.4569209611363823
1547,2.7492047953614516
1548,3.5568803931175945
1549,3.582058616809827
1550,3.3826724375819825
1551,3.6617994624412415
1552,3.69062541685055
1553,2.6509324391411453
1554,3.483400929016229
1555,1.927093199414862
1556,3.7311799052082897
1557,3.4307859155501723
1558,3.384101167892981
1559,3.468831995420938
1560,3.4748135532115505
1561,3.7097305859645395
1562,2.7052954450111395
1563,3.4561962885001885
1564,3.8811010721966954
1565,3.7958973903052837
1566,3.388609416733558
1567,3.925874068363038
1568,1.7867947905494226
1569,1.8233476296977695
1570,3.733922467883014
1571,3.3826724375819825
1572,3.3826724375819825
1573,1.927093199414862
1574,1.7492275138618536
1575,2.2937478104339686
1576,3.785261553087115
1577,3.716023247317415
1578,3.7949931050171144
1579,3.7370381757797837
1580,2.6509324391411453
1581,3.4663700417686614
1582,3.6713152004556413
1583,2.308424709130359
1584,3.1910208751894436
1585,2.9848738197641875
1586,3.732182569635432
1587,3.389890765642013
1588,3.4499975749101144
1589,3.7361703150609116
1590,3.6735351394412548
1591,3.3826724375819825
1592,3.7839771529734616
1593,3.732116641003506
1594,3.8668948948911366
1595,3.7285501762677753
1596,3.997312665935683
1597,2.058080058510799
1598,3.3826724375819825
1599,3.5006169733187993
1600,3.3899066267490183
1601,3.4655151533542794
1602,3.483700236995554
1603,3.6714933508816205
1604,3.4473176555015903
1605,2.36015251255146
1606,3.67425372691377
1607,3.1910208751894436
1608,1.9976400422588667
1609,1.8233476296977695
1610,3.708306587135116
1611,3.4531223346414173
1612,2.013755871081698
1613,1.927093199414862
1614,3.76551568676469
1615,1.927093199414862
1616,3.7280663741954383
1617,3.4465059638762146
1618,3.40170029294403
1619,1.927093199414862
1620,2.6509324391411453
1621,3.403390501298662
1622,2.143425764871486
1623,3.501758835866396
1624,3.403390501298662
1625,3.7361703150609116
1626,3.745328112060626
1627,3.922529777642157
1628,3.6706800660299557
1629,3.732116641003506
1630,1.9313837876454105
1631,3.4549892126097017
1632,3.772120360968468
1633,3.486774190854325
1634,1.601552469637641
1635,3.732116641003506
1636,3.3848915815600487
1637,3.95332543464252
1638,3.4531223346414173
1639,1.7867947905494226
1640,2.2074629441415854
1641,3.4513653069391133
1642,3.711744108960592
1643,3.7200583031083623
1644,3.3303002518818605
1645,3.4531223346414173
1646,3.3182406125108237
1647,3.45844949294135
1648,3.3899066267490183
1649,3.6714933508816205
1650,3.495668376848834
1651,3.4854555601802684
1652,1.927093199414862
1653,3.739020764889691
1654,3.7031562320202602
1655,1.927093199414862
1656,2.36015251255146
1657,2.4383554460959123
1658,1.9976400422588667
1659,3.4499975749101144
1660,3.7097305859645395
1661,3.40170029294403
1662,1.8233476296977695
1663,3.4499975749101144
1664,3.6252847912063118
1665,3.3980560800307353
1666,3.7285501762677753
1667,3.9284831648801783
1668,3.234007226284234
1669,3.0090241466710608
1670,3.7285501762677753
1671,3.40170029294403
1672,3.5944241333021747
1673,2.5980889940234864
1674,3.9284831648801783
1675,2.5593745613203507
1676,1.927093199414862
1677,3.8372764886091186
1678,1.927093199414862
1679,3.3863203118710477
1680,2.9936851225709735
1681,3.3899066267490183
1682,3.7322664324974477
1683,3.4531223346414173
1684,3.574853996160688
1685,3.3899066267490183
1686,3.754687410254453
1687,2.013755871081698
1688,3.7354871610491553
1689,3.7325399831628996
1690,3.384101167892981
1691,1.9976400422588667
1692,2.76609859165239
1693,3.4499975749101144
1694,3.788398020373216
1695,3.418890104523903
1696,3.577007590273749
1697,3.6584348811016127
1698,3.4499975749101144
1699,3.451758269179339
1700,3.4604550345795455
1701,3.8260240922497286
1702,3.6742487228288367
1703,1.7867947905494226
1704,3.352725338023804
1705,3.3899066267490183
1706,3.577007590273749
1707,3.970207178596792
1708,3.4531223346414173
1709,2.6509324391411453
1710,3.7292686025419193
1711,3.7292686025419193
1712,1.9976400422588667
1713,3.3826724375819825
1714,3.4531223346414173
1715,1.927093199414862
1716,2.097968637422948
1717,3.7399996511327367
1718,3.72425699591882
1719,3.6991953628234686
1720,3.5047754466932504
1721,2.63848651408216
1722,3.474535222235922
1723,3.970207178596792
1724,3.3848915815600487
1725,3.40170029294403
1726,2.6039801164945326
1727,1.927093199414862
1728,2.36015251255146
1729,3.70385853730122
1730,3.721883612722912
1731,3.4604550345795455
1732,3.7740332463755415
1733,3.4618639480093885
1734,1.9313837876454105
1735,4.0630091570346565
1736,3.6322659991772657
1737,3.4667307729415597
1738,3.3977266456492083
1739,3.577007590273749
1740,1.7867947905494226
1741,3.4515722256257804
1742,3.7300047942555556
1743,3.3899066267490183
1744,3.732182569635432
1745,3.4531223346414173
1746,3.3826724375819825
1747,2.6317356260493994
1748,3.5799414988568445
1749,2.5980889940234864
1750,3.456918697703509
1751,3.3826724375819825
1752,3.3826724375819825
1753,3.463730825977673
1754,3.4694454093669203
1755,3.01039615815398
1756,3.7304331017982855
1757,3.4600434574348125
1758,2.7626693754970364
1759,3.6769248636874003
1760,3.732116641003506
1761,3.3848915815600487
1762,3.631338844520566
1763,3.4499975749101144
1764,3.7742802158451916
1765,1.927093199414862
1766,3.7909811593396943
1767,3.4531223346414173
1768,3.737832692794177
1769,1.8216813189819325
1770,3.389890765642013
1771,3.67425372691377
1772,3.7322664324974477
1773,3.7756284488653766
1774,3.7332031682926634
1775,2.7570875495488623
1776,3.6241661680430957
1777,3.403390501298662
1778,1.927093199414862
1779,1.8316843153269795
1780,3.3980560800307353
1781,3.4604550345795455
1782,3.145124357931542
1783,3.384101167892981
1784,3.732116641003506
1785,3.7756284488653766
1786,3.7293465745091283
1787,3.6953767133274864
1788,3.7182249724092005
1789,3.785261553087115
1790,3.732116641003506
1791,1.9976400422588667
1792,3.726860641860755
1793,3.7288520796453537
1794,3.4569209611363823
1795,3.483700236995554
1796,3.6260824514314565
1797,3.7302528970029964
1798,3.479015649891007
1799,3.1799647471651498
1800,1.7665062028800969
1801,1.927093199414862
1802,2.6707416864273203
1803,3.7292686025419193
1804,3.670353923297626
1805,3.730957416130549
1806,3.3899066267490183
1807,3.750745999164654
1808,1.927093199414862
1809,3.698927456410504
1810,1.927093199414862
1811,3.7407122071659145
1812,3.587066039731328
1813,3.3956786298448924
1814,3.854213864979569
1815,3.384101167892981
1816,2.7325645132964134
1817,4.225431251347361
1818,3.40170029294403
1819,2.36015251255146
1820,2.2767956293137535
1821,3.3826724375819825
1822,3.7311799052082897
1823,3.412561320587603
1824,3.712596170822402
1825,1.6763935461998025
1826,3.4531223346414173
1827,3.4066826164359862
1828,3.40170029294403
1829,2.764117449742004
1830,3.7457516271065607
1831,1.6041294051176083
1832,3.7886092666332756
1833,1.9313837876454105
1834,3.7735013674622593
1835,3.3826724375819825
1836,2.749909893286236
1837,3.5162381533403244
1838,3.3826724375819825
1839,3.6241661680430957
1840,3.384101167892981
1841,3.7756284488653766
1842,3.3826724375819825
1843,3.7116594350271863
1844,3.383930058416321
1845,2.6804229772241914
1846,3.4484851849565463
1847,2.6509324391411453
1848,3.732116641003506
1849,3.6735351394412548
1850,3.6880431845696324
1851,3.7322664324974477
1852,3.6549834927124967
1853,3.4531223346414173
1854,3.7756284488653766
1855,3.970207178596792
1856,3.384101167892981
1857,3.3899066267490183
1858,3.383930058416321
1859,2.013755871081698
1860,3.3826724375819825
1861,3.388609416733558
1862,2.068392173893684
1863,3.735557286231178
1864,3.577007590273749
1865,3.001750184308624
1866,3.659795794189084
1867,2.36015251255146
1868,3.384101167892981
1869,3.384101167892981
1870,3.768469263745685
1871,3.7311799052082897
1872,3.40170029294403
1873,3.7417771414407093
1874,1.9976400422588667
1875,1.8986950459894234
1876,3.384101167892981
1877,3.3826724375819825
1878,3.389890765642013
1879,3.7756284488653766
1880,2.5593745613203507
1881,3.7311799052082897
1882,1.9313837876454105
1883,3.6742487228288367
1884,3.7293465745091283
1885,2.36015251255146
1886,3.384101167892981
1887,3.7335096622807584
1888,3.7152355623068782
1889,3.4655151533542794
1890,3.954672230800988
1891,2.7737456591178047
1892,2.6509324391411453
1893,3.7153333243173576
1894,3.693712853877873
1895,3.4069393245058315
1896,3.7266679325990086
1897,2.675337757235208
1898,3.7886092666332756
1899,3.397767107921254
1900,3.6241661680430957
1901,1.927093199414862
1902,3.732116641003506
1903,3.732116641003506
1904,2.9697862010501757
1905,3.4499975749101144
1906,3.712596170822402
1907,3.722209107748105
1908,3.384101167892981
1909,3.40170029294403
1910,2.666156898551483
1911,3.663911347172439
1912,3.7008162703260052
1913,3.7311799052082897
1914,3.7311799052082897
1915,3.7097305859645395
1916,3.7311799052082897
1917,3.483700236995554
1918,3.5547316142532828
1919,3.7322664324974477
1920,3.7371105482517555
1921,3.7457516271065607
1922,2.8345855855525053
1923,3.5885487057065233
1924,3.708306587135116
1925,2.9979226332679763
1926,1.7867947905494226
1927,3.21968906289328
1928,3.7311799052082897
1929,3.4488677645172277
1930,3.750745999164654
1931,3.469395333401917
1932,3.4934745232791675
1933,3.3899066267490183
1934,3.955519419475075
1935,3.732116641003506
1936,3.40170029294403
1937,3.4499975749101144
1938,3.4852833221677333
1939,3.6353289900695245
1940,3.7756284488653766
1941,3.384101167892981
1942,3.7280663741954383
1943,3.9165634264687497
1944,1.927093199414862
1945,3.7636988920951215
1946,2.068392173893684
1947,3.960296222708231
1948,3.7098314932755296
1949,4.187371520413932
1950,3.3826724375819825
1951,3.384723773102944
1952,3.7756284488653766
1953,2.8956858184294356
1954,3.4600434574348125
1955,3.732116641003506
1956,1.927093199414862
1957,2.9404915405538814
1958,2.36015251255146
1959,2.992256392259975
1960,3.7457516271065607
1961,3.8646364905024844
1962,3.6853163668273305
1963,3.984960881105082
1964,3.3977266456492083
1965,3.3899066267490183
1966,2.9219787029503563
1967,3.4569209611363823
1968,1.927093199414862
1969,3.1425695890149647
1970,3.7756284488653766
1971,3.7311799052082897
1972,3.3826724375819825
1973,3.732116641003506
1974,3.881573452933125
1975,2.8405158948561557
1976,3.7311799052082897
1977,3.9220715811369002
1978,3.7599449393624473
1979,4.004267861876279
1980,3.848949509208792
1981,3.3826724375819825
1982,2.9952495589974943
1983,3.003037118539331
1984,3.772584615165269
1985,3.4600434574348125
1986,3.7285501762677753
1987,3.850271910874687
1988,2.6910969049657187
1989,3.745125054487886
1990,2.9936851225709735
1991,3.7311799052082897
1992,3.3826724375819825
1993,3.7285501762677753
1994,3.55667137069604
1995,2.6910969049657187
1996,3.693712853877873
1997,2.6348886754284426
1998,2.068392173893684
1999,3.7756284488653766
2000,3.4531223346414173
2001,2.7017523987911107
2002,3.145124357931542
2003,3.7097305859645395
2004,3.384101167892981
2005,1.927093199414862
2006,3.3826724375819825
2007,3.700041486266806
2008,3.3826724375819825
2009,3.4506110369762273
2010,3.896953991177138
2011,3.40170029294403
2012,3.732116641003506
2013,3.745328112060626
2014,3.40170029294403
2015,3.9761596519821283
2016,3.968005645644271
2017,3.502769476532502
2018,3.6877623379437092
2019,3.691603605802027
2020,3.4531223346414173
2021,3.6714933508816205
2022,3.7756284488653766
2023,1.5778288094400637
2024,3.750745999164654
2025,3.384101167892981
2026,3.6991953628234686
2027,3.708306587135116
2028,3.4808314973058607
2029,3.7379161522530455
2030,3.8073055542291154
2031,2.7905665257773995
2032,3.3826724375819825
2033,2.9952495589974943
2034,3.9051916919399448
2035,1.9313837876454105
2036,3.3826724375819825
2037,3.7280663741954383
2038,2.7017523987911107
2039,3.663911347172439
2040,2.9952495589974943
2041,2.614291347582374
2042,2.9952495589974943
2043,3.446914570063186
2044,2.9952495589974943
2045,3.7116594350271863
2046,3.659194792343882
2047,3.305376440113567
2048,3.3826724375819825
2049,2.36015251255146
2050,3.5001124257086578
2051,2.9952495589974943
2052,3.458384060168304
2053,1.927093199414862
2054,3.21968906289328
2055,3.8811010721966954
2056,3.624324752787432
2057,3.7282480038846884
2058,3.7335096622807584
2059,3.7322664324974477
2060,3.750745999164654
2061,3.9284831648801783
2062,3.0719491666231358
2063,2.36015251255146
2064,3.418890104523903
2065,3.384101167892981
2066,3.958193310597571
2067,3.3826724375819825
2068,2.9952495589974943
2069,3.403390501298662
2070,2.9219787029503563
2071,1.8050098914889652
2072,3.5748107423973217
2073,3.736237668469642
2074,2.9952495589974943
2075,2.653111938331065
2076,3.3826724375819825
2077,2.9952495589974943
2078,2.873267494071089
2079,2.36015251255146
2080,3.384101167892981
2081,2.8544861387915237
2082,3.7457516271065607
2083,3.3826724375819825
2084,3.204176204949217
2085,3.732182569635432
2086,3.6806760828189886
2087,3.3303002518818605
2088,1.9313837876454105
2089,2.9952495589974943
2090,3.7182249724092005
2091,3.7756284488653766
2092,3.718352454321269
2093,1.90882778584047
2094,2.9952495589974943
2095,3.540263292064497
2096,3.7322664324974477
2097,3.4555259012112147
2098,1.927093199414862
2099,3.6241661680430957
2100,3.2172613667653933
2101,2.9404915405538814
2102,3.388609416733558
2103,3.458771311116864
2104,3.335203377533215
2105,3.384101167892981
2106,3.3863203118710477
2107,3.7140622496314113
2108,3.9583333673099346
2109,3.2160405683979887
2110,3.4854555601802684
2111,3.384101167892981
2112,3.4229162102536326
2113,3.726860641860755
2114,3.4584933484191756
2115,2.766515967752643
2116,3.4499975749101144
2117,3.3826724375819825
2118,3.6742487228288367
2119,2.9952495589974943
2120,3.6720698672046677
2121,3.7354871610491553
2122,3.4531223346414173
2123,3.6560261879021776
2124,3.3899066267490183
2125,2.9952495589974943
2126,2.9952495589974943
2127,3.577007590273749
2128,3.4588029973194394
2129,2.9952495589974943
2130,1.927093199414862
2131,3.3826724375819825
2132,3.40170029294403
2133,3.7332031682926634
2134,3.4531223346414173
2135,3.970207178596792
2136,3.455475056556635
2137,3.0719491666231358
2138,3.7537776247743055
2139,3.732116641003506
2140,1.927093199414862
2141,3.4302175618132504
2142,1.8233476296977695
2143,3.7537776247743055
2144,3.0485326200048464
2145,1.8050098914889652
2146,2.9952495589974943
2147,3.7200583031083623
2148,3.7901786777068844
2149,3.3826724375819825
2150,3.4555259012112147
2151,3.3899066267490183
2152,3.4531223346414173
2153,3.6877623379437092
2154,3.716314324494141
2155,2.7017523987911107
2156,3.3848915815600487
2157,3.663911347172439
2158,3.7200583031083623
2159,3.7332031682926634
2160,3.7304331017982855
2161,2.9952495589974943
2162,2.7017523987911107
2163,2.9098670524649197
2164,3.7009877907621074
2165,3.6047151784230334
2166,3.7285501762677753
2167,3.3952575157056684
2168,3.4854555601802684
2169,3.7537776247743055
2170,3.666332178074528
2171,3.72300237802917
2172,2.7017523987911107
2173,3.7756284488653766
2174,3.4499975749101144
2175,3.465465236471349
2176,3.7097305859645395
2177,3.4531223346414173
2178,3.7182249724092005
2179,3.3899066267490183
2180,3.797404421555313
2181,3.3826724375819825
2182,3.690905938407102
2183,3.3826724375819825
2184,2.049385345595238
2185,3.468032486737353
2186,1.8050098914889652
2187,3.692942595774067
2188,3.3826724375819825
2189,3.6664569395379356
2190,3.3826724375819825
2191,3.4359984942828006
2192,3.3514707050724337
2193,3.40170029294403
2194,3.6276338991633694
2195,2.997052534660174
2196,3.732116641003506
2197,3.4531223346414173
2198,2.36015251255146
2199,3.294142071151133
2200,3.4457430047859243
2201,2.9952495589974943
2202,3.4515722256257804
2203,3.3826724375819825
2204,3.4499975749101144
2205,3.384101167892981
2206,3.785261553087115
2207,2.7017523987911107
2208,3.4528879901303235
2209,1.9313837876454105
2210,3.6241661680430957
2211,2.675337757235208
2212,3.3826724375819825
2213,3.3826724375819825
2214,3.7097481323608155
2215,2.7404983369390346
2216,4.011664210431376
2217,3.7316032473676835
2218,3.672861597956333
2219,3.3980560800307353
2220,2.8640593351956465
2221,2.9936851225709735
2222,3.7332031682926634
2223,3.750745999164654
2224,3.7209950389035784
2225,3.670353923297626
2226,3.7332031682926634
2227,2.9952495589974943
2228,3.7293465745091283
2229,2.9952495589974943
2230,3.384723773102944
2231,3.7009877907621074
2232,3.6702286731664837
2233,3.8290448599908813
2234,3.7322664324974477
2235,3.698546504383937
2236,3.383930058416321
2237,3.726860641860755
2238,3.449695877525375
2239,2.9952495589974943
2240,3.403390501298662
2241,1.927093199414862
2242,3.448080614591881
2243,3.7822540871231274
2244,3.560148710538718
2245,3.4100669753938497
2246,3.7537776247743055
2247,3.8227572308312983
2248,2.9952495589974943
2249,3.483700236995554
2250,3.40170029294403
2251,3.732116641003506
2252,3.726860641860755
2253,3.3826724375819825
2254,3.7190572846095704
2255,3.9284831648801783
2256,3.732116641003506
2257,3.3826724375819825
2258,3.577007590273749
2259,3.3899066267490183
2260,3.732186982906392
2261,3.3826724375819825
2262,3.7468381543957183
2263,3.621351312222277
2264,3.4531223346414173
2265,3.7322664324974477
2266,3.732116641003506
2267,3.3826724375819825
2268,3.4100669753938497
2269,2.9952495589974943
2270,3.750745999164654
2271,3.729589437716435
2272,3.7097305859645395
2273,3.7311799052082897
2274,2.36015251255146
2275,3.587066039731328
2276,2.36015251255146
2277,2.9952495589974943
2278,3.7293465745091283
2279,3.5114029547636796
2280,3.3826724375819825
2281,2.351915785984377
2282,3.3863203118710477
2283,2.8080478279339696
2284,3.623701819453785
2285,3.3980560800307353
2286,3.3826724375819825
2287,3.7322664324974477
2288,3.349253421337557
2289,3.4549892126097017
2290,3.757454309455901
2291,3.4694454093669203
2292,3.4531223346414173
2293,3.7311799052082897
2294,3.7322664324974477
2295,3.4823815823044435
2296,3.918047842498875
2297,3.384101167892981
2298,3.729589437716435
2299,2.36015251255146
2300,3.7311799052082897
2301,3.40170029294403
2302,2.8640593351956465
2303,3.732116641003506
2304,3.7756284488653766
2305,3.4074423412289634
2306,3.797404421555313
2307,3.38075600466821
2308,3.7537776247743055
2309,2.884509493587623
2310,3.6583366049053465
2311,3.7354871610491553
2312,3.2576205559402234
2313,3.737268078701582
2314,3.7566422287624706
2315,3.495236927119999
2316,2.36015251255146
2317,3.577007590273749
2318,3.7311799052082897
2319,3.469479192230753
2320,3.7311799052082897
2321,3.3826724375819825
2322,3.1538867461649778
2323,2.9952495589974943
2324,3.764573701043716
2325,3.735557286231178
2326,1.927093199414862
2327,3.0719491666231358
2328,3.770456132831474
2329,3.3863203118710477
2330,3.3899066267490183
2331,3.7457733702739606
2332,3.7285501762677753
2333,3.434521784459173
2334,3.40618284192341
2335,3.3826724375819825
2336,3.3826724375819825
2337,3.7886092666332756
2338,3.6816533198342314
2339,3.479745429960827
2340,2.7017523987911107
2341,3.384101167892981
2342,3.7046928565588866
2343,3.4625562570589237
2344,3.7295946332720478
2345,3.2576205559402234
2346,3.3863203118710477
2347,3.384101167892981
2348,3.420859772787419
2349,3.7361703150609116
2350,2.6509324391411453
2351,3.682828582037002
2352,2.9345575685198018
2353,3.712596170822402
2354,1.9313837876454105
2355,3.7354871610491553
2356,3.005104179000601
2357,2.8375841713839516
2358,3.4656597921130925
2359,3.7332031682926634
2360,3.7046928565588866
2361,3.3899066267490183
2362,3.9088422306273873
2363,3.731245833840216
2364,3.3826724375819825
2365,2.675337757235208
2366,3.7537776247743055
2367,3.3826724375819825
2368,2.36015251255146
2369,3.4808314973058607
2370,3.7246983800834714
2371,3.4929916516610575
2372,2.4383554460959123
2373,3.3863203118710477
2374,3.2448244265796418
2375,3.7311799052082897
2376,3.6769248636874003
2377,3.712596170822402
2378,2.9952495589974943
2379,3.729589437716435
2380,3.729589437716435
2381,3.384101167892981
2382,3.577007590273749
2383,3.3826724375819825
2384,3.3899066267490183
2385,1.8050098914889652
2386,3.7209950389035784
2387,1.5685264849439706
2388,2.9952495589974943
2389,3.4549892126097017
2390,2.8640593351956465
2391,3.449840981388613
2392,3.7024475744905128
2393,1.927093199414862
2394,3.3899066267490183
2395,3.403390501298662
2396,3.3899066267490183
2397,2.6588914013554263
2398,4.00345529734542
2399,3.3826724375819825
2400,3.3826724375819825
2401,3.7304331017982855
2402,3.67425372691377
2403,3.7311799052082897
2404,3.384101167892981
2405,3.670353923297626
2406,3.7756284488653766
2407,3.6152736429919154
2408,3.970207178596792
2409,3.403390501298662
2410,3.7756284488653766
2411,2.8238048592731495
2412,3.21968906289328
2413,1.8050098914889652
2414,3.6656851062175324
2415,3.456723623103378
2416,3.3826724375819825
2417,3.1615990344549205
2418,3.7361703150609116
2419,3.6787892429729037
2420,3.3826724375819825
2421,3.729171291112654
2422,3.384101167892981
2423,3.3849954274227256
2424,3.3057814009508126
2425,3.389890765642013
2426,3.3826724375819825
2427,1.8050098914889652
2428,2.9224459180343656
2429,2.36015251255146
2430,3.770456132831474
2431,3.384101167892981
2432,3.3625915182729202
2433,3.506215031478837
2434,3.7372815399778876
2435,3.8080115653456783
2436,2.9952495589974943
2437,3.72073346888466
2438,1.5778288094400637
2439,3.7332389123773426
2440,3.7332389123773426
2441,3.3899066267490183
2442,3.785601800669288
2443,3.729171291112654
2444,3.3826724375819825
2445,3.3899066267490183
2446,3.477362998962672
2447,3.388609416733558
2448,3.40618284192341
2449,3.664337456756004
2450,3.735557286231178
2451,3.7955698659038895
2452,3.9462335912106954
2453,3.4515722256257804
2454,3.40170029294403
2455,3.8405098742733834
2456,3.7311799052082897
2457,3.729589437716435
2458,3.8186262180145008
2459,2.739841523667307
2460,3.7209950389035784
2461,3.324986891464616
2462,2.8640593351956465
2463,3.3863203118710477
2464,3.7457516271065607
2465,4.04800388268588
2466,2.6871808938570982
2467,3.7097305859645395
2468,3.3899066267490183
2469,1.9313837876454105
2470,3.3826724375819825
2471,3.746913894620059
2472,3.729589437716435
2473,3.592545783768739
2474,3.4625562570589237
2475,3.5860454410740967
2476,3.7354871610491553
2477,3.403390501298662
2478,3.384101167892981
2479,3.7203186625872333
2480,3.9453320190115493
2481,3.3899066267490183
2482,3.732334046377096
2483,3.40170029294403
2484,3.4655151533542794
2485,3.3899066267490183
2486,3.7335096622807584
2487,2.9952495589974943
2488,3.7901786777068844
2489,3.4600434574348125
2490,3.5950258714903756
2491,3.456918697703509
2492,3.7379082586646524
2493,3.693712853877873
2494,3.7311799052082897
2495,3.7332031682926634
2496,3.6241661680430957
2497,3.7537776247743055
2498,3.7311799052082897
2499,1.8050098914889652
2500,3.464016451223091
2501,3.961088102968644
2502,3.7311799052082897
2503,3.4611143462730376
2504,3.3826724375819825
2505,3.712596170822402
2506,3.7468381543957183
2507,3.7335096622807584
2508,2.801339112337639
2509,3.3899066267490183
2510,2.8750590226085455
2511,3.389890765642013
2512,2.9952495589974943
2513,3.732116641003506
2514,3.723157142609395
2515,3.4531223346414173
2516,3.4600434574348125
2517,3.5847802345062543
2518,3.3826724375819825
2519,3.7311799052082897
2520,2.9952495589974943
2521,2.5980889940234864
2522,3.6223752618915745
2523,2.9952495589974943
2524,3.476486890289664
2525,3.3980560800307353
2526,3.750745999164654
2527,2.9952495589974943
2528,3.8550866376163833
2529,3.3826724375819825
2530,3.9165855649040457
2531,3.3826724375819825
2532,2.9952495589974943
2533,3.3980560800307353
2534,2.854730937315482
2535,2.9952495589974943
2536,3.411271595514604
2537,3.332242862656041
2538,2.9936851225709735
2539,3.3863203118710477
2540,2.87579119754776
2541,3.3826724375819825
2542,3.4531223346414173
2543,3.4838836693018136
2544,3.3899066267490183
2545,3.7046928565588866
2546,3.6310506272393046
2547,3.4531223346414173
2548,3.1405057598746584
2549,3.6742487228288367
2550,3.6270191872266726
2551,3.758224057479768
2552,3.4705718831005488
2553,3.4531223346414173
2554,3.3826724375819825
2555,3.4655151533542794
2556,3.7295946332720478
2557,3.7457516271065607
2558,3.3926338530716826
2559,3.5460589797087345
2560,3.4531223346414173
2561,3.7776661103242075
2562,2.143425764871486
2563,3.664337456756004
2564,3.943900522808434
2565,3.7335096622807584
2566,3.808827053466371
2567,3.3826724375819825
2568,3.7188643204841325
2569,2.36015251255146
2570,3.612014954547447
2571,3.3956786298448924
2572,3.476486890289664
2573,3.3826724375819825
2574,3.732116641003506
2575,3.40170029294403
2576,3.732334046377096
2577,3.3899066267490183
2578,3.736179053203583
2579,2.872535596294987
2580,3.6750957424167576
2581,3.732116641003506
2582,3.7361703150609116
2583,3.7342189622179482
2584,3.8186262180145008
2585,3.3826724375819825
2586,3.729589437716435
2587,3.0719491666231358
2588,3.7311799052082897
2589,2.9952495589974943
2590,3.726860641860755
2591,3.7311799052082897
2592,3.73391191067226
2593,3.40170029294403
2594,3.6673951137109606
2595,3.729589437716435
2596,3.4499975749101144
2597,3.1949653386013015
2598,3.389890765642013
2599,3.7332389123773426
2600,3.4945078310771907
2601,3.403390501298662
2602,3.40170029294403
2603,3.324986891464616
2604,3.7285501762677753
2605,3.666820207041531
2606,3.501712001166936
2607,3.6963503875331503
2608,3.7370493626773964
2609,3.729589437716435
2610,3.739461806913507
2611,2.7017523987911107
2612,3.712596170822402
2613,3.40170029294403
2614,2.9952495589974943
2615,3.2576205559402234
2616,3.6241661680430957
2617,3.7659097875971757
2618,3.7537776247743055
2619,2.9404915405538814
2620,3.219780210400108
2621,3.577007590273749
2622,3.462638630292494
2623,3.737268078701582
2624,3.593393900012187
2625,3.384101167892981
2626,3.729589437716435
2627,3.4025244338999725
2628,2.7839075287835136
2629,3.615044927436603
2630,3.4531223346414173
2631,3.79774589299644
2632,3.3848915815600487
2633,3.621967423433424
2634,1.927093199414862
2635,3.3826724375819825
2636,2.9952495589974943
2637,3.4625562570589237
2638,3.548942945071044
2639,3.7264914007797336
2640,3.7379082586646524
2641,3.7535067118116983
2642,3.1727997039438574
2643,3.4859848917811918
2644,3.3826724375819825
2645,3.4684712642480395
2646,3.205339038580397
2647,3.726860641860755
2648,3.729589437716435
2649,3.4782797771241367
2650,2.9404915405538814
2651,3.403390501298662
2652,3.3899066267490183
2653,3.384101167892981
2654,3.7272919617164564
2655,3.446914570063186
2656,3.7311799052082897
2657,2.9841504598758983
2658,3.749551225255682
2659,3.7116594350271863
2660,3.729171291112654
2661,3.3826724375819825
2662,3.8805831050453623
2663,3.657485017281738
2664,3.712596170822402
2665,2.36015251255146
2666,3.145124357931542
2667,3.9771995274456358
2668,3.675594539870058
2669,3.3826724375819825
2670,3.94749727348526
2671,3.3826724375819825
2672,3.4768476214625625
2673,3.726860641860755
2674,3.3826724375819825
2675,2.9952495589974943
2676,3.383930058416321
2677,3.7285688390592036
2678,3.1913168441060105
2679,3.429856362675057
2680,3.3826724375819825
2681,3.729589437716435
2682,3.7285688390592036
2683,3.0719491666231358
2684,2.9952495589974943
2685,3.749005653089769
2686,3.3826724375819825
2687,2.7017523987911107
2688,3.747261496555112
2689,3.9462335912106954
2690,3.4580786539723096
2691,3.2872253287166213
2692,2.9952495589974943
2693,3.7067653352200822
2694,3.4531223346414173
2695,3.477362998962672
2696,3.3826724375819825
2697,3.72425699591882
2698,3.729589437716435
2699,3.6877623379437092
2700,3.5067476273902627
2701,3.384101167892981
2702,1.927093199414862
2703,3.6560261879021776
2704,3.6713542323889925
2705,1.6763935461998025
2706,3.5007916336849405
2707,3.3826724375819825
2708,3.3826724375819825
2709,3.3826724375819825
2710,3.732116641003506
2711,3.946275064912921
2712,3.3826724375819825
2713,3.4646863183059797
2714,3.8805831050453623
2715,3.384101167892981
2716,2.068392173893684
2717,3.7311799052082897
2718,3.0090241466710608
2719,3.3980560800307353
2720,3.670353923297626
2721,2.6509324391411453
2722,2.9979226332679763
2723,3.621351312222277
2724,2.9952495589974943
2725,3.3826724375819825
2726,3.3899066267490183
2727,1.927093199414862
2728,3.7457516271065607
2729,3.5968863058893565
2730,3.3826724375819825
2731,3.403390501298662
2732,3.3278059066881074
2733,3.415382446989123
2734,1.927093199414862
2735,3.3826724375819825
2736,3.40170029294403
2737,3.7325399831628996
2738,3.7354871610491553
2739,3.6987567278298714
2740,3.773474854752316
2741,3.3863203118710477
2742,3.607623270464023
2743,3.434521784459173
2744,3.3826724375819825
2745,3.672514540784024
2746,2.7905665257773995
2747,3.7322664324974477
2748,3.7182249724092005
2749,3.7200583031083623
2750,3.732116641003506
2751,3.712596170822402
2752,3.3863203118710477
2753,3.466482377721716
2754,2.8076011833941688
2755,3.943900522808434
2756,2.7017523987911107
2757,3.40170029294403
2758,3.3826724375819825
2759,3.384101167892981
2760,2.9952495589974943
2761,3.732116641003506
2762,3.7271873816944154
2763,2.933423289833862
2764,3.484933560552787
2765,3.3826724375819825
2766,3.417566819121327
2767,3.4600434574348125
2768,3.1910208751894436
2769,3.3899066267490183
2770,3.384101167892981
2771,3.737268078701582
2772,3.750745999164654
2773,3.728416171575859
2774,3.7009877907621074
2775,2.9404915405538814
2776,2.6409570670234523
2777,3.7989264813414616
2778,3.970207178596792
2779,3.4488677645172277
2780,3.729171291112654
2781,3.384101167892981
2782,2.7570875495488623
2783,3.3826724375819825
2784,3.574853996160688
2785,3.729589437716435
2786,3.7642231236741734
2787,3.4838836693018136
2788,3.7048791359584516
2789,3.469922831980544
2790,3.3826724375819825
2791,2.6707416864273203
2792,3.452469052979188
2793,3.7088132029623306
2794,3.7457516271065607
2795,3.3826724375819825
2796,3.887613494029247
2797,3.72425699591882
2798,3.473650061695517
2799,3.403390501298662
2800,3.795900256477658
2801,3.403390501298662
2802,1.9313837876454105
2803,3.5007916336849405
2804,4.256585781090713
2805,3.7537776247743055
2806,3.3826724375819825
2807,3.8405098742733834
2808,3.6252614885826477
2809,3.531105317493354
2810,1.9313837876454105
2811,3.8805831050453623
2812,2.013755871081698
2813,3.730957416130549
2814,1.927093199414862
2815,3.6714933508816205
2816,1.927093199414862
2817,3.3826724375819825
2818,3.93272176107355
2819,3.748506552324477
2820,3.8356804454828035
2821,3.7311799052082897
2822,3.7272919617164564
2823,3.750745999164654
2824,3.5601671823012397
2825,3.5794727255252075
2826,3.3899066267490183
2827,3.732116641003506
2828,2.9952495589974943
2829,1.8216813189819325
2830,3.3826724375819825
2831,3.726860641860755
2832,3.3826724375819825
2833,3.750745999164654
2834,3.7310960423462745
2835,3.7397988884268285
2836,3.38847789643802
2837,3.4531223346414173
2838,3.729589437716435
2839,3.384101167892981
2840,3.4499975749101144
2841,4.200194343827896
2842,3.6684157123681924
2843,3.7332031682926634
2844,3.412854866667266
2845,4.098180817355328
2846,3.40170029294403
2847,3.4569209611363823
2848,3.3826724375819825
2849,3.79891757945005
2850,3.9076802134166524
2851,2.6910969049657187
2852,3.384101167892981
2853,3.4859848917811918
2854,3.729589437716435
2855,2.753206490159773
2856,3.7311799052082897
2857,3.7311799052082897
2858,3.7325399831628996
2859,3.3313572236870606
2860,3.383930058416321
2861,3.66576624601349
2862,3.7457516271065607
2863,3.8595916825160135
2864,2.9453721514593187
2865,1.927093199414862
2866,2.8750590226085455
2867,3.0044658488503297
2868,1.927093199414862
2869,3.3826724375819825
2870,2.799917122691682
2871,2.6871808938570982
2872,3.716023247317415
2873,3.673245118769671
2874,3.7161930960502296
2875,3.4531223346414173
2876,3.732186982906392
2877,3.199524942481276
2878,3.7792219157664366
2879,3.4600434574348125
2880,3.735557286231178
2881,3.40170029294403
2882,3.613453951047609
2883,3.40170029294403
2884,3.816123109564467
2885,3.0090241466710608
2886,3.729589437716435
2887,3.412561320587603
2888,3.7457516271065607
2889,3.4531223346414173
2890,3.4531223346414173
2891,3.449695877525375
2892,2.992256392259975
2893,3.3899066267490183
2894,3.3826724375819825
2895,2.9952495589974943
2896,3.729589437716435
2897,3.7457516271065607
2898,2.675337757235208
2899,3.726860641860755
2900,3.3826724375819825
2901,3.40170029294403
2902,3.384101167892981
2903,2.9952495589974943
2904,3.7332389123773426
2905,3.7685646904930077
2906,3.7457516271065607
2907,3.4959243226161543
2908,3.8076482270947833
2909,3.7483129407898623
2910,3.660737349206534
2911,2.345978599507982
2912,3.0044658488503297
2913,3.7354871610491553
2914,3.769872338068353
2915,3.3826724375819825
2916,1.8986950459894234
2917,2.5593745613203507
2918,3.746913894620059
2919,3.4855671149638385
2920,3.6241661680430957
2921,3.6750957424167576
2922,3.7822540871231274
2923,2.9952495589974943
2924,3.3826724375819825
2925,3.4531223346414173
2926,2.872535596294987
2927,2.831653862080301
2928,3.4618639480093885
2929,3.674796353113336
2930,3.3826724375819825
2931,3.5550101331677264
2932,1.927093199414862
2933,3.4531223346414173
2934,3.7379082586646524
2935,3.6706800660299557
2936,3.384101167892981
2937,3.1832127612817143
2938,2.8223761289621505
2939,3.471265574041642
2940,3.4561962885001885
2941,3.3899066267490183
2942,3.577007590273749
2943,3.426620095691679
2944,3.732334046377096
2945,3.449840981388613
2946,3.486572268738621
2947,3.1949653386013015
2948,3.7311799052082897
2949,3.7332031682926634
2950,3.5162381533403244
2951,3.3826724375819825
2952,1.9313837876454105
2953,3.7097305859645395
2954,3.7322664324974477
2955,4.004267861876279
2956,1.4518997850938609
2957,3.399186287379673
2958,3.7886092666332756
2959,3.9457304372407007
2960,3.780969687009474
2961,3.1208801053914983
2962,3.7379082586646524
2963,3.7294672777832343
2964,3.702470043632826
2965,3.3743896287028186
2966,3.77619270301357
2967,3.7379082586646524
2968,3.8869731911133427
2969,3.4499975749101144
2970,3.3826724375819825
2971,3.7322664324974477
2972,3.732186982906392
2973,3.3899066267490183
2974,3.6637460302267213
2975,2.986981679246643
2976,1.927093199414862
2977,2.9952495589974943
2978,2.8750590226085455
2979,3.038654653336496
2980,1.8233476296977695
2981,3.7284579666671913
2982,3.711669976476719
2983,3.729589437716435
2984,3.4531223346414173
2985,3.729589437716435
2986,2.9952495589974943
2987,3.6322659991772657
2988,3.7116594350271863
2989,3.3826724375819825
2990,3.780969687009474
2991,3.2305062631886874
2992,3.6812610269204282
2993,3.5912867740657983
2994,2.36015251255146
2995,3.7457516271065607
2996,3.7468381543957183
2997,3.501758835866396
2998,3.7812809229354896
2999,3.781437549461559
3000,3.9324195705740834
3001,3.4531223346414173
3002,2.8750590226085455
3003,3.559810388686935
3004,3.7273855498371056
3005,2.992256392259975
3006,1.927093199414862
3007,3.4705718831005488
3008,3.732116641003506
3009,3.3899066267490183
3010,3.399186287379673
3011,3.3826724375819825
3012,3.029119990641421
3013,2.7987039716847284
3014,3.7068922405621083
3015,3.4499975749101144
3016,3.3848915815600487
3017,3.7322664324974477
3018,2.801339112337639
3019,1.927093199414862
3020,3.3826724375819825
3021,4.004267861876279
3022,3.7246490214824046
3023,3.8405098742733834
3024,3.3899066267490183
3025,3.4515722256257804
3026,3.3826724375819825
3027,3.0978217763345204
3028,3.1910208751894436
3029,3.7379082586646524
3030,2.9952495589974943
3031,2.7017523987911107
3032,3.7051428208469286
3033,3.3826724375819825
3034,2.9952495589974943
3035,4.079079956098482
3036,3.3826724375819825
3037,3.732116641003506
3038,3.483700236995554
3039,3.750745999164654
3040,3.3410849073974056
3041,3.4609042197988176
3042,3.6702286731664837
3043,3.3826724375819825
3044,3.3980560800307353
3045,3.732116641003506
3046,3.4557888873106233
3047,3.9594321286302323
3048,3.4559624294810876
3049,3.4655151533542794
3050,3.3826724375819825
3051,3.3826724375819825
3052,3.040561083328126
3053,2.36015251255146
3054,3.3826724375819825
3055,3.7886092666332756
3056,3.3826724375819825
3057,3.1798627761949314
3058,3.9583333673099346
3059,3.593393900012187
3060,3.3926338530716826
3061,3.6241661680430957
3062,3.4655151533542794
3063,3.7457516271065607
3064,3.3826724375819825
3065,3.0044658488503297
3066,3.3826724375819825
3067,3.6252614885826477
3068,2.7437824980974623
3069,2.8080478279339696
3070,3.729589437716435
3071,3.3826724375819825
3072,2.9404915405538814
3073,1.8986950459894234
3074,1.7867947905494226
3075,3.001616359410844
3076,3.0520051456689385
3077,3.7457516271065607
3078,3.781437549461559
3079,3.7311799052082897
3080,2.9490254513447813
3081,3.3848915815600487
3082,3.7354871610491553
3083,3.7234297768007703
3084,3.3899066267490183
3085,3.00919956590875
3086,3.39934175863692
3087,3.3303002518818605
3088,4.560524284926511
3089,3.3826724375819825
3090,3.3826724375819825
3091,3.4499975749101144
3092,3.72300237802917
3093,3.4488677645172277
3094,3.7335096622807584
3095,3.9583333673099346
3096,3.7285688390592036
3097,3.3826724375819825
3098,3.7696116666960933
3099,3.729589437716435
3100,3.7817656869042526
3101,3.0088092987883557
3102,3.733922467883014
3103,3.7332031682926634
3104,3.750745999164654
3105,3.384101167892981
3106,3.750745999164654
3107,2.9345575685198018
3108,1.8233476296977695
3109,3.4915245890459867
3110,3.4756371291247
3111,3.735557286231178
3112,3.1102227319836344
3113,3.7335096622807584
3114,3.4604550345795455
3115,3.587066039731328
3116,3.7322664324974477
3117,2.36015251255146
3118,3.384101167892981
3119,2.6509324391411453
3120,2.9952495589974943
3121,3.3899066267490183
3122,3.4537757462601637
3123,2.8243397535450354
3124,3.3249302081046035
3125,3.3826724375819825
3126,3.3826724375819825
3127,3.668010175588271
3128,3.38847789643802
3129,2.8750590226085455
3130,1.4518997850938609
3131,1.8050098914889652
3132,3.481878127663618
3133,3.729589437716435
3134,3.429856362675057
3135,2.9952495589974943
3136,3.09583260786323
3137,3.7247899368488144
3138,2.7557510678974855
3139,2.36015251255146
3140,3.3826724375819825
3141,2.9952495589974943
3142,3.4654912817716736
3143,3.750745999164654
3144,3.4531223346414173
3145,3.3826724375819825
3146,3.4004581639765474
3147,3.384101167892981
3148,3.4555259012112147
3149,3.335812931938147
3150,2.36015251255146
3151,3.66620835341913
3152,3.471134098812799
3153,2.9952495589974943
3154,3.3826724375819825
3155,2.8080478279339696
3156,3.00919956590875
3157,2.7429642119449915
3158,3.4600434574348125
3159,2.8227093087434145
3160,3.029442901320426
3161,3.732116641003506
3162,3.922529777642157
3163,2.9952495589974943
3164,2.9936851225709735
3165,3.7959401101179644
3166,3.731245833840216
3167,2.992256392259975
3168,3.199524942481276
3169,3.40170029294403
3170,2.7442436153309093
3171,3.7498889940619784
3172,3.341532213111538
3173,3.416788882044525
3174,2.884509493587623
3175,3.6152736429919154
3176,3.7468381543957183
3177,3.750745999164654
3178,3.7311799052082897
3179,3.732116641003506
3180,3.729589437716435
3181,3.4549892126097017
3182,3.38847789643802
3183,1.9313837876454105
3184,3.40170029294403
3185,3.7457516271065607
3186,3.3899066267490183
3187,3.2044139426418985
3188,3.750745999164654
3189,3.4655151533542794
3190,3.623701819453785
3191,2.764117449742004
3192,3.426620095691679
3193,3.4531223346414173
3194,2.36015251255146
3195,3.574853996160688
3196,2.6804229772241914
3197,3.4600434574348125
3198,3.3826724375819825
3199,2.7905665257773995
3200,3.4655151533542794
3201,1.927093199414862
3202,3.7322664324974477
3203,3.4542387782949855
3204,3.785261553087115
3205,3.726781308401718
3206,3.40170029294403
3207,3.7335096622807584
3208,3.3200190591155296
3209,2.9952495589974943
3210,3.750745999164654
3211,3.403390501298662
3212,3.7246803380782136
3213,3.4386658668852075
3214,3.3980560800307353
3215,3.8805831050453623
3216,3.8805831050453623
3217,3.3899066267490183
3218,3.6583366049053465
3219,3.466482377721716
3220,3.3826724375819825
3221,3.3826724375819825
3222,3.750745999164654
3223,3.3899066267490183
3224,1.927093199414862
3225,3.4600434574348125
3226,2.992256392259975
3227,2.8640593351956465
3228,3.468032486737353
3229,3.7457516271065607
3230,3.4531223346414173
3231,3.702470043632826
3232,3.3826724375819825
3233,3.4604550345795455
3234,3.666025972329868
3235,3.7457516271065607
3236,3.7311799052082897
3237,3.7311799052082897
3238,3.3299299936665308
3239,3.3826724375819825
3240,3.21968906289328
3241,3.72425699591882
3242,3.7301593065510588
3243,3.7246490214824046
3244,3.3899066267490183
3245,3.7537776247743055
3246,1.927093199414862
3247,3.81926121630187
3248,3.1102227319836344
3249,3.666820207041531
3250,3.7301593065510588
3251,3.3826724375819825
3252,3.7073698513399
3253,3.3826724375819825
3254,3.3826724375819825
3255,3.419233345331459
3256,3.3826724375819825
3257,3.4998543102984905
3258,3.7285501762677753
3259,3.3826724375819825
3260,3.729589437716435
3261,3.4929916516610575
3262,3.729589437716435
3263,3.471840412419398
3264,4.004267861876279
3265,3.7498889940619784
3266,3.3980560800307353
3267,3.403390501298662
3268,3.7073698513399
3269,3.456723623103378
3270,3.8781493078598146
3271,3.7468381543957183
3272,3.3826724375819825
3273,2.764117449742004
3274,3.4568597761488484
3275,3.7311799052082897
3276,3.7116594350271863
3277,2.9219787029503563
3278,3.7097305859645395
3279,3.431255146402165
3280,3.732116641003506
3281,3.4796945853062464
3282,3.663911347172439
3283,3.4499975749101144
3284,3.6266783203494253
3285,3.4555259012112147
3286,3.6152736429919154
3287,2.7029618052860713
3288,3.9403087137395123
3289,3.7311799052082897
3290,3.772120360968468
3291,1.927093199414862
3292,2.36015251255146
3293,3.55667137069604
3294,3.403390501298662
3295,3.8178938690485307
3296,3.577007590273749
3297,2.9952495589974943
3298,3.471134098812799
3299,3.40170029294403
3300,3.7301593065510588
3301,3.6706800660299557
3302,3.3826724375819825
3303,3.754687410254453
3304,3.4542387782949855
3305,2.3328097559956267
3306,3.3926338530716826
3307,3.3826724375819825
3308,3.732116641003506
3309,2.9952495589974943
3310,2.9404915405538814
3311,2.9952495589974943
3312,3.199524942481276
3313,3.750745999164654
3314,2.013755871081698
3315,2.9952495589974943
3316,3.7379161522530455
3317,3.40170029294403
3318,3.739020764889691
3319,2.9952495589974943
3320,3.831693130774726
3321,3.7354871610491553
3322,3.406665055416527
3323,3.715280709745425
3324,3.4056096452767286
3325,3.586714929774634
3326,3.4859848917811918
3327,3.732116641003506
3328,3.4531223346414173
3329,3.725777379722412
3330,3.0719491666231358
3331,3.426620095691679
3332,3.7311799052082897
3333,1.9313837876454105
3334,3.785261553087115
3335,3.7285501762677753
3336,3.461428251450931
3337,3.3826724375819825
3338,3.384101167892981
3339,3.4549892126097017
3340,2.6509324391411453
3341,3.666025972329868
3342,3.4854555601802684
3343,3.3899066267490183
3344,3.384101167892981
3345,3.7311799052082897
3346,3.7790219538685452
3347,3.383930058416321
3348,3.758224057479768
3349,3.7073698513399
3350,3.3826724375819825
3351,2.7017523987911107
3352,3.7839771529734616
